<ns1:core xmlns:ns1="http://dariolucia.eu/reatmetric/core/configuration">
	<name>Test System</name>
	<log-property-file>$HOME\Reatmetric\reatmetric_test\log.properties</log-property-file>
	<!-- <archive-location>$HOME\reatmetric_test\archive</archive-location> -->
	<definitions-location>$HOME\Reatmetric\reatmetric_test\processing</definitions-location>
	<!-- <init-resume /> -->
	<driver name="Spacecraft Driver"
		type="eu.dariolucia.reatmetric.driver.spacecraft.SpacecraftDriver"
		configuration="$HOME\Reatmetric\reatmetric_test\test" />
	<driver name="Automation Driver"
		type="eu.dariolucia.reatmetric.driver.automation.AutomationDriver"
		configuration="$HOME\Reatmetric\reatmetric_test\automation" />
</ns1:core>
