<!--
  ~ Copyright (c)  2020 Dario Lucia (https://www.dariolucia.eu)
  ~
  ~ Licensed under the Apache License, Version 2.0 (the "License");
  ~ you may not use this file except in compliance with the License.
  ~ You may obtain a copy of the License at
  ~
  ~          http://www.apache.org/licenses/LICENSE-2.0
  ~
  ~ Unless required by applicable law or agreed to in writing, software
  ~ distributed under the License is distributed on an "AS IS" BASIS,
  ~ WITHOUT WARRANTIES OR CONDITIONS OF ANY KIND, either express or implied.
  ~ See the License for the specific language governing permissions and
  ~ limitations under the License.
  -->

<ns1:processing xmlns:ns1="http://dariolucia.eu/reatmetric/processing/definition">
    <activities>
        <activity id="#2000" location="SPACE.SCRIPTS.SCRIPT1" description="Request JS script execution" type="SCRIPT">
            <argument name="FILENAME" raw_type="CHARACTER_STRING" eng_type="CHARACTER_STRING" eng_unit="" fixed="true">
                <default_fixed type="RAW" value="script1.js" />
            </argument>
            <argument name="arg1" raw_type="ENUMERATED" eng_type="CHARACTER_STRING" eng_unit="">
                <decalib_ienum default="0">
                    <point x="PARAM1" y="1" />
                    <point x="PARAM2" y="2" />
                    <point x="PARAM3" y="3" />
                </decalib_ienum>
            </argument>
            <argument name="arg2" raw_type="REAL" eng_type="REAL" eng_unit="">
                <default_fixed type="RAW" value="0.0" />
            </argument>
        </activity>
		<activity id="#2001" location="SPACE.SCRIPTS.SCRIPT2" description="Request GROOVY script execution" type="SCRIPT">
            <argument name="FILENAME" raw_type="CHARACTER_STRING" eng_type="CHARACTER_STRING" eng_unit="" fixed="true">
                <default_fixed type="RAW" value="script1.groovy" />
            </argument>
            <argument name="arg1" raw_type="ENUMERATED" eng_type="CHARACTER_STRING" eng_unit="">
                <decalib_ienum default="0">
                    <point x="PARAM1" y="1" />
                    <point x="PARAM2" y="2" />
                    <point x="PARAM3" y="3" />
                </decalib_ienum>
            </argument>
            <argument name="arg2" raw_type="REAL" eng_type="REAL" eng_unit="">
                <default_fixed type="RAW" value="0.0" />
            </argument>
        </activity>
		<activity id="#2002" location="SPACE.SCRIPTS.SCRIPT3" description="Request PYTHON script execution" type="SCRIPT">
            <argument name="FILENAME" raw_type="CHARACTER_STRING" eng_type="CHARACTER_STRING" eng_unit="" fixed="true">
                <default_fixed type="RAW" value="script1.py" />
            </argument>
            <argument name="arg1" raw_type="ENUMERATED" eng_type="CHARACTER_STRING" eng_unit="">
                <decalib_ienum default="0">
                    <point x="PARAM1" y="1" />
                    <point x="PARAM2" y="2" />
                    <point x="PARAM3" y="3" />
                </decalib_ienum>
            </argument>
            <argument name="arg2" raw_type="REAL" eng_type="REAL" eng_unit="">
                <default_fixed type="RAW" value="0.0" />
            </argument>
        </activity>
    </activities>
</ns1:processing>